mae,rmse
36.07266470149125,36.07266470149125
